soc,title,group,group_name,phys_share,ai_tech,robot_tech,barrier,raw_capability,displacement,primary_threat
11-1011,Chief Executives,11,Management,4,52,3,25,50.0,38,AI
11-1021,General & Operations Managers,11,Management,4,52,3,25,50.0,38,AI
11-1031,Legislators,11,Management,4,52,3,95,50.0,3,AI
11-2011,Advertising & Promotions Managers,11,Management,4,52,3,25,50.0,38,AI
11-2021,Marketing Managers,11,Management,4,52,3,25,50.0,38,AI
11-2022,Sales Managers,11,Management,4,52,3,25,50.0,38,AI
11-2031,Public Relations & Fundraising Managers,11,Management,4,52,3,25,50.0,38,AI
11-3012,Administrative Services Managers,11,Management,4,52,3,25,50.0,38,AI
11-3013,Facilities Managers,11,Management,4,52,3,25,50.0,38,AI
11-3021,Computer & Information Systems Managers,11,Management,4,52,3,25,50.0,38,AI
11-3031,Financial Managers,11,Management,4,52,3,25,50.0,38,AI
11-3051,Industrial Production Managers,11,Management,4,52,3,25,50.0,38,AI
11-3061,Purchasing Managers,11,Management,4,52,3,25,50.0,38,AI
11-3071,Transportation/Distribution Managers,11,Management,4,42,3,25,40.4,30,AI
11-3111,Compensation & Benefits Managers,11,Management,4,52,3,25,50.0,38,AI
11-3121,Human Resources Managers,11,Management,4,52,3,25,50.0,38,AI
11-3131,Training & Development Managers,11,Management,4,52,3,25,50.0,38,AI
11-3141,Compensation Managers,11,Management,4,52,3,25,50.0,38,AI
11-9011,Farm Managers,11,Management,4,52,3,25,50.0,38,AI
11-9021,Construction Managers,11,Management,4,52,3,25,50.0,38,AI
11-9031,Education Administrators (Postsecondary),11,Management,4,52,3,25,50.0,38,AI
11-9032,Education Administrators (K-12),11,Management,4,52,3,25,50.0,38,AI
11-9033,Education Administrators (Preschool),11,Management,4,52,2,25,50.0,38,AI
11-9041,Architectural & Engineering Managers,11,Management,4,52,3,25,50.0,38,AI
11-9051,Food Service Managers,11,Management,4,52,3,25,50.0,38,AI
11-9061,Funeral Home Managers,11,Management,4,52,3,55,50.0,23,AI
11-9071,Gaming Managers,11,Management,4,52,3,25,50.0,38,AI
11-9081,Lodging Managers,11,Management,4,52,3,25,50.0,38,AI
11-9111,Medical & Health Services Managers,11,Management,4,52,3,25,50.0,38,AI
11-9121,Natural Sciences Managers,11,Management,4,52,3,25,50.0,38,AI
11-9141,Property/Community Association Managers,11,Management,4,52,3,25,50.0,38,AI
11-9151,Social & Community Service Managers,11,Management,4,52,3,25,50.0,38,AI
11-9161,Emergency Management Directors,11,Management,4,52,2,25,50.0,38,AI
11-9171,Funeral Home Directors,11,Management,4,52,3,55,50.0,23,AI
11-9179,Postmasters & Mail Superintendents,11,Management,4,52,3,25,50.0,38,AI
11-9199,Managers NEC,11,Management,4,52,3,25,50.0,38,AI
13-1011,Agents/Business Managers of Artists,13,Business & Financial,3,72,4,30,70.0,49,AI
13-1021,Buyers & Purchasing Agents (Farm),13,Business & Financial,3,72,4,30,70.0,49,AI
13-1022,Wholesale/Retail Buyers (Non-Farm),13,Business & Financial,3,72,4,30,70.0,49,AI
13-1023,Purchasing Agents (Non-Farm),13,Business & Financial,3,72,4,30,70.0,49,AI
13-1031,Claims Adjusters & Investigators,13,Business & Financial,3,72,4,30,70.0,49,AI
13-1032,Insurance Appraisers (Auto),13,Business & Financial,3,72,4,30,70.0,49,AI
13-1041,Compliance Officers,13,Business & Financial,3,72,4,30,70.0,49,AI
13-1051,Cost Estimators,13,Business & Financial,3,72,4,30,70.0,49,AI
13-1071,Human Resources Specialists,13,Business & Financial,3,72,4,30,70.0,49,AI
13-1074,Farm Labor Contractors,13,Business & Financial,3,72,4,55,70.0,31,AI
13-1075,Labor Relations Specialists,13,Business & Financial,3,72,4,30,70.0,49,AI
13-1081,Logisticians,13,Business & Financial,3,72,4,30,70.0,49,AI
13-1082,Project Management Specialists,13,Business & Financial,3,72,4,30,70.0,49,AI
13-1111,Management Analysts,13,Business & Financial,3,72,4,30,70.0,49,AI
13-1121,Meeting/Event/Convention Planners,13,Business & Financial,3,72,4,30,70.0,49,AI
13-1131,Fundraisers,13,Business & Financial,3,72,4,30,70.0,49,AI
13-1141,Compensation/Benefits/Job Analysis Specialists,13,Business & Financial,3,72,4,30,70.0,49,AI
13-1151,Training & Development Specialists,13,Business & Financial,3,72,4,30,70.0,49,AI
13-1161,Market Research Analysts,13,Business & Financial,3,80,4,30,77.7,54,AI
13-1199,Business Operations Specialists NEC,13,Business & Financial,3,72,4,30,70.0,49,AI
13-2011,Accountants & Auditors,13,Business & Financial,3,84,4,30,81.6,57,AI
13-2020,Property Appraisers & Assessors,13,Business & Financial,3,72,4,30,70.0,49,AI
13-2031,Budget Analysts,13,Business & Financial,3,72,4,30,70.0,49,AI
13-2041,Credit Analysts,13,Business & Financial,3,72,4,30,70.0,49,AI
13-2051,Financial & Investment Analysts,13,Business & Financial,3,82,4,30,79.7,56,AI
13-2052,Personal Financial Advisors,13,Business & Financial,3,72,4,73,70.0,19,AI
13-2053,Insurance Underwriters,13,Business & Financial,3,88,4,30,85.5,60,AI
13-2054,Financial Risk Specialists,13,Business & Financial,3,72,4,30,70.0,49,AI
13-2061,Financial Examiners,13,Business & Financial,3,72,4,30,70.0,49,AI
13-2071,Credit Counselors,13,Business & Financial,3,62,2,30,60.2,42,AI
13-2072,Loan Officers,13,Business & Financial,3,72,4,30,70.0,49,AI
13-2081,Tax Examiners & Collectors,13,Business & Financial,3,72,4,30,70.0,49,AI
13-2082,Tax Preparers,13,Business & Financial,3,86,4,30,83.5,58,AI
13-2099,Financial Specialists NEC,13,Business & Financial,3,72,4,30,70.0,49,AI
15-1211,Computer Systems Analysts,15,Computer & Math,2,78,3,5,76.5,73,AI
15-1212,Information Security Analysts,15,Computer & Math,2,78,3,5,76.5,73,AI
15-1221,Computer & Information Research Scientists,15,Computer & Math,1,78,3,5,77.2,73,AI
15-1231,Computer Network Support Specialists,15,Computer & Math,2,78,3,5,76.5,73,AI
15-1232,Computer User Support Specialists,15,Computer & Math,2,78,3,5,76.5,73,AI
15-1241,Database Administrators,15,Computer & Math,2,78,3,5,76.5,73,AI
15-1242,Database Architects,15,Computer & Math,2,78,3,5,76.5,73,AI
15-1243,Database Architects (Cloud),15,Computer & Math,2,78,3,5,76.5,73,AI
15-1244,Network & Computer Systems Administrators,15,Computer & Math,2,78,3,5,76.5,73,AI
15-1245,Network Architects (Cloud),15,Computer & Math,2,78,3,5,76.5,73,AI
15-1251,Computer Programmers,15,Computer & Math,1,88,3,5,87.2,83,AI
15-1252,Software Developers,15,Computer & Math,1,88,3,5,87.2,83,AI
15-1253,Software Quality Assurance Analysts,15,Computer & Math,2,78,3,5,76.5,73,AI
15-1254,Web Developers,15,Computer & Math,1,88,3,5,87.2,83,AI
15-1255,Web & Digital Interface Designers,15,Computer & Math,2,78,3,5,76.5,73,AI
15-1299,Computer Occupations NEC,15,Computer & Math,2,78,3,5,76.5,73,AI
15-2011,Actuaries,15,Computer & Math,2,78,3,5,76.5,73,AI
15-2021,Mathematicians,15,Computer & Math,2,78,3,5,76.5,73,AI
15-2031,Operations Research Analysts,15,Computer & Math,2,78,3,5,76.5,73,AI
15-2041,Statisticians,15,Computer & Math,2,78,3,5,76.5,73,AI
15-2051,Data Scientists,15,Computer & Math,1,78,3,5,77.2,73,AI
15-2099,Mathematical Science Occupations NEC,15,Computer & Math,2,78,3,5,76.5,73,AI
17-1011,Architects (except Naval),17,Architecture & Eng,10,56,3,10,50.7,46,AI
17-1012,Landscape Architects,17,Architecture & Eng,10,56,3,10,50.7,46,AI
17-1021,Cartographers & Photogrammetrists,17,Architecture & Eng,10,56,3,10,50.7,46,AI
17-1022,Surveyors,17,Architecture & Eng,10,56,3,10,50.7,46,AI
17-2011,Aerospace Engineers,17,Architecture & Eng,10,56,3,10,50.7,46,AI
17-2021,Agricultural Engineers,17,Architecture & Eng,10,56,3,10,50.7,46,AI
17-2031,Bioengineers & Biomedical Engineers,17,Architecture & Eng,10,56,3,10,50.7,46,AI
17-2041,Chemical Engineers,17,Architecture & Eng,10,56,3,10,50.7,46,AI
17-2051,Civil Engineers,17,Architecture & Eng,10,56,3,10,50.7,46,AI
17-2061,Computer Hardware Engineers,17,Architecture & Eng,10,56,3,10,50.7,46,AI
17-2071,Electrical Engineers,17,Architecture & Eng,10,56,3,10,50.7,46,AI
17-2072,Electronics Engineers (non-computer),17,Architecture & Eng,10,56,3,10,50.7,46,AI
17-2081,Environmental Engineers,17,Architecture & Eng,10,56,3,10,50.7,46,AI
17-2111,Health & Safety Engineers,17,Architecture & Eng,10,56,3,10,50.7,46,AI
17-2112,Industrial Engineers,17,Architecture & Eng,10,56,3,10,50.7,46,AI
17-2121,Marine Engineers & Naval Architects,17,Architecture & Eng,10,56,3,10,50.7,46,AI
17-2131,Materials Engineers,17,Architecture & Eng,10,56,3,10,50.7,46,AI
17-2141,Mechanical Engineers,17,Architecture & Eng,18,56,3,10,46.5,42,AI
17-2151,Mining & Geological Engineers,17,Architecture & Eng,10,56,3,10,50.7,46,AI
17-2161,Nuclear Engineers,17,Architecture & Eng,10,56,3,10,50.7,46,AI
17-2171,Petroleum Engineers,17,Architecture & Eng,10,56,3,10,50.7,46,AI
17-2199,Engineers NEC,17,Architecture & Eng,10,56,3,10,50.7,46,AI
17-3011,Architectural & Civil Drafters,17,Architecture & Eng,10,56,3,10,50.7,46,AI
17-3012,Electrical & Electronics Drafters,17,Architecture & Eng,10,56,3,10,50.7,46,AI
17-3013,Mechanical Drafters,17,Architecture & Eng,18,56,3,10,46.5,42,AI
17-3019,Drafters NEC,17,Architecture & Eng,10,56,3,10,50.7,46,AI
17-3021,Aerospace Engineering Technicians,17,Architecture & Eng,10,56,3,10,50.7,46,AI
17-3022,Civil Engineering Technicians,17,Architecture & Eng,10,56,3,10,50.7,46,AI
17-3023,Electrical & Electronics Technicians,17,Architecture & Eng,10,56,3,10,50.7,46,AI
17-3024,Electro-Mechanical & Mechatronics Technicians,17,Architecture & Eng,18,56,3,10,46.5,42,AI
17-3025,Environmental Engineering Technicians,17,Architecture & Eng,10,56,3,10,50.7,46,AI
17-3026,Industrial Engineering Technicians,17,Architecture & Eng,10,56,3,10,50.7,46,AI
17-3027,Mechanical Engineering Technicians,17,Architecture & Eng,18,56,3,10,46.5,42,AI
17-3028,Calibration Technicians,17,Architecture & Eng,10,56,3,10,50.7,46,AI
17-3029,Engineering Technicians NEC,17,Architecture & Eng,10,56,3,10,50.7,46,AI
17-3031,Surveying & Mapping Technicians,17,Architecture & Eng,10,56,3,10,50.7,46,AI
19-1011,Animal Scientists,19,Life/Physical Science,10,48,3,15,43.5,37,AI
19-1012,Food Scientists & Technologists,19,Life/Physical Science,10,48,3,15,43.5,37,AI
19-1013,Soil & Plant Scientists,19,Life/Physical Science,10,48,3,15,43.5,37,AI
19-1020,Biological Scientists,19,Life/Physical Science,10,48,3,15,43.5,37,AI
19-1022,Microbiologists,19,Life/Physical Science,18,48,3,15,39.9,34,AI
19-1023,Zoologists & Wildlife Biologists,19,Life/Physical Science,18,48,3,15,39.9,34,AI
19-1029,Biological Scientists NEC,19,Life/Physical Science,10,48,3,15,43.5,37,AI
19-1031,Conservation Scientists,19,Life/Physical Science,10,48,3,15,43.5,37,AI
19-1032,Foresters,19,Life/Physical Science,18,48,3,15,39.9,34,AI
19-1041,Epidemiologists,19,Life/Physical Science,18,48,3,15,39.9,34,AI
19-1042,Medical Scientists (except Epidemiologists),19,Life/Physical Science,10,48,3,15,43.5,37,AI
19-2011,Astronomers,19,Life/Physical Science,18,48,3,15,39.9,34,AI
19-2012,Physicists,19,Life/Physical Science,18,48,3,15,39.9,34,AI
19-2021,Atmospheric & Space Scientists,19,Life/Physical Science,10,48,3,15,43.5,37,AI
19-2031,Chemists,19,Life/Physical Science,18,48,3,15,39.9,34,AI
19-2032,Materials Scientists,19,Life/Physical Science,10,48,3,15,43.5,37,AI
19-2041,Environmental Scientists & Specialists,19,Life/Physical Science,10,48,3,15,43.5,37,AI
19-2042,Geoscientists (except Hydrologists),19,Life/Physical Science,18,48,3,15,39.9,34,AI
19-2043,Hydrologists,19,Life/Physical Science,18,48,3,15,39.9,34,AI
19-2099,Physical Scientists NEC,19,Life/Physical Science,10,48,3,15,43.5,37,AI
19-3011,Economists,19,Life/Physical Science,18,48,3,15,39.9,34,AI
19-3022,Survey Researchers,19,Life/Physical Science,18,48,3,15,39.9,34,AI
19-3031,Clinical & Counseling Psychologists,19,Life/Physical Science,18,20,3,80,16.9,3,AI
19-3032,Industrial-Organizational Psychologists,19,Life/Physical Science,18,30,3,80,25.1,5,AI
19-3033,Psychologists NEC,19,Life/Physical Science,18,30,3,80,25.1,5,AI
19-3034,School Psychologists,19,Life/Physical Science,18,30,3,80,25.1,5,AI
19-3041,Sociologists,19,Life/Physical Science,18,48,3,15,39.9,34,AI
19-3051,Urban & Regional Planners,19,Life/Physical Science,18,48,3,15,39.9,34,AI
19-3091,Anthropologists & Archeologists,19,Life/Physical Science,18,48,3,15,39.9,34,AI
19-3092,Geographers,19,Life/Physical Science,18,48,3,15,39.9,34,AI
19-3093,Historians,19,Life/Physical Science,18,48,3,15,39.9,34,AI
19-3094,Political Scientists,19,Life/Physical Science,10,48,3,15,43.5,37,AI
19-3099,Social Scientists & Related NEC,19,Life/Physical Science,10,48,3,15,43.5,37,AI
19-4010,Agricultural & Food Science Technicians,19,Life/Physical Science,18,48,3,15,39.9,34,AI
19-4021,Biological Technicians,19,Life/Physical Science,18,48,3,15,39.9,34,AI
19-4031,Chemical Technicians,19,Life/Physical Science,18,48,3,15,39.9,34,AI
19-4041,Environmental Science Technicians,19,Life/Physical Science,18,48,3,15,39.9,34,AI
19-4051,Nuclear Technicians,19,Life/Physical Science,18,48,3,15,39.9,34,AI
19-4061,Social Science Research Assistants,19,Life/Physical Science,23,48,2,15,37.4,32,AI
19-4071,Forest & Conservation Technicians,19,Life/Physical Science,18,48,3,15,39.9,34,AI
19-4092,Forensic Science Technicians,19,Life/Physical Science,18,48,3,15,39.9,34,AI
19-4099,"Life, Physical & Social Science Technicians NEC",19,Life/Physical Science,18,48,3,15,39.9,34,AI
21-1011,Substance Abuse & Behavioral Disorder Counselors,21,Community & Social,6,22,2,58,20.8,9,AI
21-1012,"Educational, Guidance & Career Counselors",21,Community & Social,6,22,2,55,20.8,9,AI
21-1013,Marriage & Family Therapists,21,Community & Social,6,18,3,68,17.1,5,AI
21-1014,Mental Health Counselors,21,Community & Social,6,22,2,58,20.8,9,AI
21-1015,Rehabilitation Counselors,21,Community & Social,6,22,2,55,20.8,9,AI
21-1019,Counselors NEC,21,Community & Social,6,22,2,55,20.8,9,AI
21-1021,"Child, Family & School Social Workers",21,Community & Social,6,32,3,55,30.3,14,AI
21-1022,Healthcare Social Workers,21,Community & Social,6,32,3,55,30.3,14,AI
21-1023,Mental Health & Substance Abuse Social Workers,21,Community & Social,6,32,3,58,30.3,13,AI
21-1029,Social Workers NEC,21,Community & Social,6,32,3,55,30.3,14,AI
21-1091,Health Educators,21,Community & Social,6,32,3,58,30.3,13,AI
21-1092,Probation Officers & Correctional Treatment Specialists,21,Community & Social,6,32,3,55,30.3,14,AI
21-1093,Social & Human Service Assistants,21,Community & Social,11,32,3,55,28.8,13,AI
21-1094,Community Health Workers,21,Community & Social,6,32,3,55,30.3,14,AI
21-2011,Clergy,21,Community & Social,6,20,2,90,18.9,2,AI
21-2021,Directors of Religious Activities,21,Community & Social,6,32,3,55,30.3,14,AI
21-2099,Religious Workers NEC,21,Community & Social,6,32,3,55,30.3,14,AI
23-1011,Lawyers,23,Legal,3,60,3,70,58.3,17,AI
23-1012,Judicial Law Clerks,23,Legal,3,60,3,45,58.3,32,AI
23-1020,Administrative Law Judges,23,Legal,3,60,3,92,58.3,5,AI
23-1021,"Arbitrators, Mediators & Conciliators",23,Legal,3,60,3,75,58.3,15,AI
23-1022,Judges & Magistrates,23,Legal,3,60,3,92,58.3,5,AI
23-1023,Hearing Officers,23,Legal,3,60,3,45,58.3,32,AI
23-2011,Paralegals & Legal Assistants,23,Legal,8,70,3,45,64.6,36,AI
23-2093,Legal Support Workers NEC,23,Legal,3,60,3,45,58.3,32,AI
25-1011,"Business Teachers, Postsecondary",25,Education & Library,6,38,3,58,35.9,15,AI
25-1012,"Computer Science Teachers, Postsecondary",25,Education & Library,6,38,3,58,35.9,15,AI
25-1021,"Computer Science Teachers, Postsecondary",25,Education & Library,6,38,3,58,35.9,15,AI
25-1022,"Mathematical Science Teachers, Postsecondary",25,Education & Library,6,38,3,58,35.9,15,AI
25-1031,"Architecture & Engineering Teachers, Postsecondary",25,Education & Library,6,38,3,58,35.9,15,AI
25-1041,"Agricultural Sciences Teachers, Postsecondary",25,Education & Library,6,38,3,58,35.9,15,AI
25-1042,"Biological Science Teachers, Postsecondary",25,Education & Library,6,38,3,58,35.9,15,AI
25-1043,"Forestry & Conservation Science Teachers, Postsecondary",25,Education & Library,6,38,3,58,35.9,15,AI
25-1051,"Atmospheric, Earth & Geosciences Teachers",25,Education & Library,6,38,3,58,35.9,15,AI
25-1052,"Chemistry Teachers, Postsecondary",25,Education & Library,6,38,3,58,35.9,15,AI
25-1053,"Environmental Science Teachers, Postsecondary",25,Education & Library,6,38,3,58,35.9,15,AI
25-1054,"Physics Teachers, Postsecondary",25,Education & Library,6,38,3,58,35.9,15,AI
25-1061,"Anthropology & Archeology Teachers, Postsecondary",25,Education & Library,6,38,3,58,35.9,15,AI
25-1062,"Area, Ethnic & Cultural Studies Teachers",25,Education & Library,6,38,3,58,35.9,15,AI
25-1063,"Economics Teachers, Postsecondary",25,Education & Library,6,38,3,58,35.9,15,AI
25-1064,"Geography Teachers, Postsecondary",25,Education & Library,6,38,3,58,35.9,15,AI
25-1065,"Political Science Teachers, Postsecondary",25,Education & Library,6,38,3,58,35.9,15,AI
25-1066,"Psychology Teachers, Postsecondary",25,Education & Library,6,20,3,80,19.0,4,AI
25-1067,"Sociology Teachers, Postsecondary",25,Education & Library,6,38,3,58,35.9,15,AI
25-1069,"Social Sciences Teachers NEC, Postsecondary",25,Education & Library,6,38,3,58,35.9,15,AI
25-1071,"Health Specialties Teachers, Postsecondary",25,Education & Library,6,38,3,58,35.9,15,AI
25-1072,"Nursing Instructors & Teachers, Postsecondary",25,Education & Library,6,38,3,65,35.9,13,AI
25-1081,"Education Teachers, Postsecondary",25,Education & Library,6,38,3,58,35.9,15,AI
25-1082,"Library Science Teachers, Postsecondary",25,Education & Library,6,38,3,58,35.9,15,AI
25-1111,Criminal Justice & Law Enforcement Teachers,25,Education & Library,6,38,3,92,35.9,3,AI
25-1112,"Law Teachers, Postsecondary",25,Education & Library,6,38,3,58,35.9,15,AI
25-1113,"Social Work Teachers, Postsecondary",25,Education & Library,6,38,3,58,35.9,15,AI
25-1121,"Art, Drama & Music Teachers, Postsecondary",25,Education & Library,6,38,3,58,35.9,15,AI
25-1122,"Communications Teachers, Postsecondary",25,Education & Library,6,38,3,58,35.9,15,AI
25-1123,English Language & Literature Teachers,25,Education & Library,6,38,3,58,35.9,15,AI
25-1124,Foreign Language & Literature Teachers,25,Education & Library,6,38,3,58,35.9,15,AI
25-1125,"History Teachers, Postsecondary",25,Education & Library,6,38,3,58,35.9,15,AI
25-1126,"Philosophy & Religion Teachers, Postsecondary",25,Education & Library,6,38,3,58,35.9,15,AI
25-1127,"Vocational Education Teachers, Postsecondary",25,Education & Library,6,38,3,58,35.9,15,AI
25-1199,Postsecondary Teachers NEC,25,Education & Library,6,38,3,58,35.9,15,AI
25-2011,Preschool Teachers,25,Education & Library,6,38,2,58,35.8,15,AI
25-2012,Kindergarten Teachers,25,Education & Library,6,38,3,58,35.9,15,AI
25-2021,Elementary School Teachers,25,Education & Library,6,38,3,58,35.9,15,AI
25-2022,Middle School Teachers,25,Education & Library,6,38,3,58,35.9,15,AI
25-2023,Career/Technical Ed Teachers (Middle School),25,Education & Library,6,38,3,58,35.9,15,AI
25-2031,Secondary School Teachers,25,Education & Library,6,38,3,58,35.9,15,AI
25-2032,Career/Technical Ed Teachers (Secondary),25,Education & Library,6,38,3,58,35.9,15,AI
25-2051,Special Education Teachers (Preschool),25,Education & Library,6,38,2,58,35.8,15,AI
25-2052,Special Education Teachers (K-12),25,Education & Library,6,38,3,58,35.9,15,AI
25-2053,Special Education Teachers (Secondary),25,Education & Library,6,38,3,58,35.9,15,AI
25-2059,Special Education Teachers NEC,25,Education & Library,6,38,3,58,35.9,15,AI
25-3011,Adult Literacy Teachers,25,Education & Library,6,38,3,58,35.9,15,AI
25-3021,Self-Enrichment Teachers,25,Education & Library,6,38,3,58,35.9,15,AI
25-3031,Substitute Teachers,25,Education & Library,6,38,3,58,35.9,15,AI
25-3041,Tutors,25,Education & Library,6,38,3,42,35.9,21,AI
25-3099,Teachers & Instructors NEC,25,Education & Library,6,38,3,58,35.9,15,AI
25-4011,Archivists,25,Education & Library,6,38,3,42,35.9,21,AI
25-4012,Curators,25,Education & Library,6,38,3,42,35.9,21,AI
25-4013,Museum Technicians & Conservators,25,Education & Library,6,38,3,42,35.9,21,AI
25-4022,Librarians & Media Specialists,25,Education & Library,6,38,3,42,35.9,21,AI
25-4031,Library Technicians,25,Education & Library,6,38,3,42,35.9,21,AI
25-9011,Audio-Visual & Multimedia Collections Specialists,25,Education & Library,6,38,3,42,35.9,21,AI
25-9021,Farm & Home Management Educators,25,Education & Library,6,38,3,58,35.9,15,AI
25-9031,Instructional Coordinators,25,Education & Library,1,38,3,42,37.6,22,AI
25-9041,Teacher Assistants,25,Education & Library,11,38,3,58,34.1,14,AI
25-9099,Educational Instruction NEC,25,Education & Library,6,38,3,42,35.9,21,AI
27-1011,Art Directors,27,Arts & Entertainment,18,52,4,35,43.4,28,AI
27-1013,"Fine Artists (Painters, Sculptors, Illustrators)",27,Arts & Entertainment,18,52,14,35,45.2,29,AI
27-1014,Special Effects Artists & Animators,27,Arts & Entertainment,18,52,4,35,43.4,28,AI
27-1019,Artists & Related Workers NEC,27,Arts & Entertainment,18,52,4,35,43.4,28,AI
27-1021,Commercial & Industrial Designers,27,Arts & Entertainment,18,52,4,35,43.4,28,AI
27-1022,Fashion Designers,27,Arts & Entertainment,18,52,4,35,43.4,28,AI
27-1023,Floral Designers,27,Arts & Entertainment,18,52,4,35,43.4,28,AI
27-1024,Graphic Designers,27,Arts & Entertainment,18,52,4,35,43.4,28,AI
27-1025,Interior Designers,27,Arts & Entertainment,18,52,4,35,43.4,28,AI
27-1026,Merchandise Displayers & Window Trimmers,27,Arts & Entertainment,18,52,4,35,43.4,28,AI
27-1029,Designers NEC,27,Arts & Entertainment,18,52,4,35,43.4,28,AI
27-2011,Actors,27,Arts & Entertainment,18,52,4,55,43.4,20,AI
27-2012,Producers & Directors,27,Arts & Entertainment,18,52,4,35,43.4,28,AI
27-2021,Athletes & Sports Competitors,27,Arts & Entertainment,18,42,4,72,35.2,10,AI
27-2022,Coaches & Scouts,27,Arts & Entertainment,18,52,4,35,43.4,28,AI
27-2023,"Umpires, Referees & Sports Officials",27,Arts & Entertainment,18,42,4,35,35.2,23,AI
27-2031,Dancers,27,Arts & Entertainment,18,44,4,35,36.8,24,AI
27-2032,Choreographers,27,Arts & Entertainment,18,52,4,35,43.4,28,AI
27-2041,Music Directors & Composers,27,Arts & Entertainment,18,52,4,35,43.4,28,AI
27-2042,Musicians & Singers,27,Arts & Entertainment,18,52,4,35,43.4,28,AI
27-2099,Entertainers & Performers NEC,27,Arts & Entertainment,18,44,4,55,36.8,17,AI
27-3011,Broadcast Announcers & Radio Disc Jockeys,27,Arts & Entertainment,18,52,4,35,43.4,28,AI
27-3021,Court Reporters & Simultaneous Captioners,27,Arts & Entertainment,18,64,4,35,53.2,35,AI
27-3022,"News Analysts, Reporters & Journalists",27,Arts & Entertainment,18,52,4,35,43.4,28,AI
27-3031,Public Relations Specialists,27,Arts & Entertainment,18,52,4,35,43.4,28,AI
27-3041,Editors,27,Arts & Entertainment,18,52,4,35,43.4,28,AI
27-3042,Technical Writers,27,Arts & Entertainment,18,64,4,35,53.2,35,AI
27-3043,Writers & Authors,27,Arts & Entertainment,18,52,4,35,43.4,28,AI
27-3091,Interpreters & Translators,27,Arts & Entertainment,18,52,4,35,43.4,28,AI
27-3092,Court Interpreters,27,Arts & Entertainment,18,52,4,35,43.4,28,AI
27-3099,Media & Communication Workers NEC,27,Arts & Entertainment,18,52,4,35,43.4,28,AI
27-4011,Audio & Video Technicians,27,Arts & Entertainment,18,52,4,35,43.4,28,AI
27-4012,Broadcast Technicians,27,Arts & Entertainment,18,52,4,35,43.4,28,AI
27-4014,Sound Engineering Technicians,27,Arts & Entertainment,18,52,4,35,43.4,28,AI
27-4021,Photographers,27,Arts & Entertainment,18,52,4,35,43.4,28,AI
27-4031,Camera Operators (Film/Video/TV),27,Arts & Entertainment,18,52,4,35,43.4,28,AI
27-4032,Film & Video Editors,27,Arts & Entertainment,18,52,4,35,43.4,28,AI
27-4099,Media & Communication Equipment Workers NEC,27,Arts & Entertainment,18,52,4,35,43.4,28,AI
29-1011,Chiropractors,29,Healthcare Practitioners,38,43,13,62,31.6,12,AI
29-1021,Dentists (General),29,Healthcare Practitioners,38,43,13,62,31.6,12,AI
29-1022,Oral & Maxillofacial Surgeons,29,Healthcare Practitioners,38,21,19,77,20.2,5,AI
29-1023,Orthodontists,29,Healthcare Practitioners,38,43,13,58,31.6,13,AI
29-1024,Prosthodontists,29,Healthcare Practitioners,38,43,13,58,31.6,13,AI
29-1029,Dentists NEC,29,Healthcare Practitioners,38,43,13,62,31.6,12,AI
29-1031,Dietitians & Nutritionists,29,Healthcare Practitioners,38,43,13,58,31.6,13,AI
29-1041,Optometrists,29,Healthcare Practitioners,38,43,13,62,31.6,12,AI
29-1051,Pharmacists,29,Healthcare Practitioners,38,43,13,58,31.6,13,AI
29-1061,Anesthesiologists,29,Healthcare Practitioners,38,43,13,68,31.6,10,AI
29-1062,Obstetricians & Gynecologists,29,Healthcare Practitioners,38,43,13,68,31.6,10,AI
29-1063,Surgeons (General),29,Healthcare Practitioners,38,21,19,77,20.2,5,AI
29-1064,Physicians (General/Family Practice),29,Healthcare Practitioners,30,46,10,73,35.2,10,AI
29-1065,Pediatricians,29,Healthcare Practitioners,38,43,13,68,31.6,10,AI
29-1066,Psychiatrists,29,Healthcare Practitioners,38,25,13,85,20.4,3,AI
29-1067,Family Medicine Physicians,29,Healthcare Practitioners,30,46,10,73,35.2,10,AI
29-1069,Physicians NEC,29,Healthcare Practitioners,30,46,10,73,35.2,10,AI
29-1071,Physician Assistants,29,Healthcare Practitioners,35,44,12,73,32.8,9,AI
29-1081,Podiatrists,29,Healthcare Practitioners,38,43,13,62,31.6,12,AI
29-1122,Occupational Therapists,29,Healthcare Practitioners,38,29,13,68,22.9,7,AI
29-1123,Physical Therapists,29,Healthcare Practitioners,38,29,13,68,22.9,7,AI
29-1124,Radiation Therapists,29,Healthcare Practitioners,38,29,13,68,22.9,7,AI
29-1125,Recreational Therapists,29,Healthcare Practitioners,38,29,13,68,22.9,7,AI
29-1126,Respiratory Therapists,29,Healthcare Practitioners,38,29,13,68,22.9,7,AI
29-1127,Speech-Language Pathologists,29,Healthcare Practitioners,38,43,13,68,31.6,10,AI
29-1128,Exercise Physiologists,29,Healthcare Practitioners,38,43,13,58,31.6,13,AI
29-1129,Therapists NEC,29,Healthcare Practitioners,38,29,13,68,22.9,7,AI
29-1141,Registered Nurses,29,Healthcare Practitioners,38,43,13,65,31.6,11,AI
29-1151,Nurse Anesthetists,29,Healthcare Practitioners,30,46,10,65,35.2,12,AI
29-1161,Nurse Midwives,29,Healthcare Practitioners,30,46,10,65,35.2,12,AI
29-1171,Nurse Practitioners,29,Healthcare Practitioners,18,46,9,65,39.3,14,AI
29-1181,Audiologists,29,Healthcare Practitioners,38,43,13,62,31.6,12,AI
29-1211,Acupuncturists,29,Healthcare Practitioners,38,43,13,58,31.6,13,AI
29-1214,Emergency Medicine Physicians,29,Healthcare Practitioners,30,46,8,73,34.6,9,AI
29-1215,Hospitalists,29,Healthcare Practitioners,38,43,13,58,31.6,13,AI
29-1216,Radiologists,29,Healthcare Practitioners,38,43,13,68,31.6,10,AI
29-1217,Pathologists,29,Healthcare Practitioners,38,43,13,68,31.6,10,AI
29-1218,Cardiologists,29,Healthcare Practitioners,38,43,13,68,31.6,10,AI
29-1219,Physicians NEC (Specialty),29,Healthcare Practitioners,30,46,10,73,35.2,10,AI
29-1221,Dental Hygienists,29,Healthcare Practitioners,38,43,13,58,31.6,13,AI
29-1292,Dental Therapists,29,Healthcare Practitioners,38,29,13,68,22.9,7,AI
29-2010,Medical & Clinical Lab Technologists,29,Healthcare Practitioners,38,43,13,58,31.6,13,AI
29-2011,Medical & Clinical Lab Technicians,29,Healthcare Practitioners,38,43,13,58,31.6,13,AI
29-2012,Histotechnologists,29,Healthcare Practitioners,38,43,13,58,31.6,13,AI
29-2013,Clinical Lab Technicians (Medical),29,Healthcare Practitioners,38,43,13,58,31.6,13,AI
29-2031,Cardiovascular Technologists,29,Healthcare Practitioners,38,43,13,58,31.6,13,AI
29-2032,Diagnostic Medical Sonographers,29,Healthcare Practitioners,38,43,13,58,31.6,13,AI
29-2033,Nuclear Medicine Technologists,29,Healthcare Practitioners,38,43,13,58,31.6,13,AI
29-2034,Radiologic Technologists,29,Healthcare Practitioners,38,43,13,58,31.6,13,AI
29-2035,Magnetic Resonance Imaging Technologists,29,Healthcare Practitioners,38,43,13,58,31.6,13,AI
29-2036,Medical Dosimetrists,29,Healthcare Practitioners,38,43,13,58,31.6,13,AI
29-2041,Emergency Medical Technicians,29,Healthcare Practitioners,38,43,8,58,29.7,12,AI
29-2042,Paramedics,29,Healthcare Practitioners,38,43,8,62,29.7,11,AI
29-2051,Dietetic Technicians,29,Healthcare Practitioners,38,43,13,58,31.6,13,AI
29-2052,Pharmacy Technicians,29,Healthcare Practitioners,38,43,28,58,37.3,16,AI
29-2053,Psychiatric Technicians,29,Healthcare Practitioners,38,43,13,58,31.6,13,AI
29-2055,Surgical Technologists,29,Healthcare Practitioners,38,43,9,58,30.1,13,AI
29-2056,Veterinary Technologists & Technicians,29,Healthcare Practitioners,38,43,13,58,31.6,13,AI
29-2057,Ophthalmic Medical Technicians,29,Healthcare Practitioners,38,43,13,58,31.6,13,AI
29-2061,Licensed Practical & Vocational Nurses,29,Healthcare Practitioners,38,43,13,65,31.6,11,AI
29-2081,Opticians (Dispensing),29,Healthcare Practitioners,38,43,13,58,31.6,13,AI
29-2082,Orthotists & Prosthetists,29,Healthcare Practitioners,38,43,13,58,31.6,13,AI
29-2092,Hearing Aid Specialists,29,Healthcare Practitioners,38,43,13,58,31.6,13,AI
29-2099,Health Technologists NEC,29,Healthcare Practitioners,38,43,13,58,31.6,13,AI
31-1121,Home Health & Personal Care Aides,31,Healthcare Support,68,19,23,45,21.7,12,Robotic
31-1131,Nursing Assistants,31,Healthcare Support,63,20,21,65,20.6,7,Robotic
31-1132,Orderlies,31,Healthcare Support,58,22,19,45,20.3,11,Both
31-1133,Psychiatric Aides,31,Healthcare Support,68,19,23,45,21.7,12,Robotic
31-2011,Occupational Therapy Assistants,31,Healthcare Support,63,20,21,45,20.6,11,Robotic
31-2012,Occupational Therapy Aides,31,Healthcare Support,68,19,23,45,21.7,12,Robotic
31-2021,Physical Therapist Assistants,31,Healthcare Support,63,6,21,68,15.4,5,Robotic
31-2022,Physical Therapist Aides,31,Healthcare Support,68,5,23,68,17.2,6,Robotic
31-9011,Massage Therapists,31,Healthcare Support,58,5,2,68,3.3,1,AI
31-9091,Dental Assistants,31,Healthcare Support,63,20,21,45,20.6,11,Robotic
31-9092,Medical Assistants,31,Healthcare Support,63,20,21,45,20.6,11,Robotic
31-9093,Medical Equipment Preparers,31,Healthcare Support,58,22,19,45,20.3,11,Both
31-9094,Medical Transcriptionists,31,Healthcare Support,58,40,19,45,27.8,15,Both
31-9095,Pharmacy Aides,31,Healthcare Support,68,19,23,45,21.7,12,Robotic
31-9096,Veterinary Assistants & Laboratory Animal Caretakers,31,Healthcare Support,63,20,21,45,20.6,11,Robotic
31-9097,Phlebotomists,31,Healthcare Support,58,22,19,45,20.3,11,Both
31-9099,Healthcare Support Workers NEC,31,Healthcare Support,58,22,19,45,20.3,11,Both
33-1011,Supervisors of Police & Detectives,33,Protective Service,52,30,13,62,21.2,8,AI
33-1012,Supervisors of Firefighting & Prevention Workers,33,Protective Service,52,30,13,52,21.2,10,AI
33-1021,Supervisors of Firefighting (Forest),33,Protective Service,52,30,13,52,21.2,10,AI
33-1099,Supervisors of Protective Service NEC,33,Protective Service,52,30,13,52,21.2,10,AI
33-2011,Firefighters,33,Protective Service,52,22,7,62,14.2,5,AI
33-2012,Fire Inspectors & Investigators,33,Protective Service,52,30,13,52,21.2,10,AI
33-2021,Fire Inspectors,33,Protective Service,52,30,13,52,21.2,10,AI
33-3011,Bailiffs,33,Protective Service,52,30,13,70,21.2,6,AI
33-3012,Correctional Officers & Jailers,33,Protective Service,52,30,13,55,21.2,10,AI
33-3021,Detectives & Criminal Investigators,33,Protective Service,52,30,13,55,21.2,10,AI
33-3031,Fish & Game Wardens,33,Protective Service,52,30,13,52,21.2,10,AI
33-3041,Parking Enforcement Workers,33,Protective Service,52,30,13,52,21.2,10,AI
33-3051,Police & Sheriff Patrol Officers,33,Protective Service,52,30,13,62,21.2,8,AI
33-3052,Transit & Railroad Police,33,Protective Service,52,30,13,62,21.2,8,AI
33-9011,Animal Control Workers,33,Protective Service,52,30,13,52,21.2,10,AI
33-9021,Private Detectives & Investigators,33,Protective Service,52,30,13,55,21.2,10,AI
33-9031,Gambling Surveillance Officers,33,Protective Service,52,30,13,52,21.2,10,AI
33-9032,Security Guards,33,Protective Service,52,30,13,52,21.2,10,AI
33-9091,Crossing Guards & Flaggers,33,Protective Service,52,30,13,52,21.2,10,AI
33-9093,Transportation Security Screeners,33,Protective Service,52,20,13,52,16.4,8,Both
33-9099,Protective Service Workers NEC,33,Protective Service,52,30,13,52,21.2,10,AI
35-1011,Chefs & Head Cooks,35,Food Preparation,80,5,31,8,25.8,24,Robotic
35-1012,First-Line Supervisors of Food Preparation,35,Food Preparation,80,5,31,8,25.8,24,Robotic
35-2011,Cooks (Fast Food),35,Food Preparation,80,5,31,8,25.8,24,Robotic
35-2012,Cooks (Institution & Cafeteria),35,Food Preparation,80,5,31,8,25.8,24,Robotic
35-2013,Cooks (Private Household),35,Food Preparation,80,5,31,8,25.8,24,Robotic
35-2014,Cooks (Restaurant),35,Food Preparation,80,5,31,8,25.8,24,Robotic
35-2015,Short Order Cooks,35,Food Preparation,80,5,31,8,25.8,24,Robotic
35-2019,Cooks NEC,35,Food Preparation,80,5,31,8,25.8,24,Robotic
35-2021,Food Preparation Workers,35,Food Preparation,80,5,31,8,25.8,24,Robotic
35-3011,Bartenders,35,Food Preparation,80,5,31,8,25.8,24,Robotic
35-3023,Fast Food & Counter Workers,35,Food Preparation,80,5,31,8,25.8,24,Robotic
35-3031,Waiters & Waitresses,35,Food Preparation,80,5,31,8,25.8,24,Robotic
35-3041,Food Servers (Nonrestaurant),35,Food Preparation,80,5,31,8,25.8,24,Robotic
35-9011,Dishwashers,35,Food Preparation,80,5,49,8,40.2,37,Robotic
35-9021,"Hosts & Hostesses (Restaurant, Lounge, Coffee Shop)",35,Food Preparation,80,5,31,8,25.8,24,Robotic
35-9031,Dining Room & Cafeteria Attendants,35,Food Preparation,88,5,34,8,30.5,28,Robotic
35-9099,Food Preparation & Serving Workers NEC,35,Food Preparation,80,5,31,8,25.8,24,Robotic
37-1011,Supervisors of Janitorial/Housekeeping Workers,37,Building & Grounds,88,5,43,5,38.4,37,Robotic
37-1012,Supervisors of Landscaping Workers,37,Building & Grounds,88,5,31,5,27.9,26,Robotic
37-2011,Janitors & Cleaners (Except Maids),37,Building & Grounds,88,5,43,5,38.4,37,Robotic
37-2012,Maids & Housekeeping Cleaners,37,Building & Grounds,88,5,43,5,38.4,37,Robotic
37-2019,Building Cleaning Workers NEC,37,Building & Grounds,88,5,31,5,27.9,26,Robotic
37-3011,Landscaping & Groundskeeping Workers,37,Building & Grounds,88,5,41,5,36.7,35,Robotic
37-3012,"Pesticide Handlers, Sprayers & Applicators",37,Building & Grounds,88,5,31,5,27.9,26,Robotic
37-3013,Tree Trimmers & Pruners,37,Building & Grounds,88,5,31,5,27.9,26,Robotic
37-3019,Grounds Maintenance Workers NEC,37,Building & Grounds,88,5,31,5,27.9,26,Robotic
39-1013,Supervisors of Personal Service Workers,39,Personal Care & Service,55,15,13,32,13.9,9,Both
39-2011,Animal Trainers,39,Personal Care & Service,55,9,13,32,11.2,8,Robotic
39-2021,Nonfarm Animal Caretakers,39,Personal Care & Service,55,15,13,32,13.9,9,Both
39-3011,Gambling Dealers,39,Personal Care & Service,55,15,13,32,13.9,9,Both
39-3012,Gaming Service Workers NEC,39,Personal Care & Service,55,15,13,32,13.9,9,Both
39-3031,"Ushers, Lobby Attendants & Ticket Takers",39,Personal Care & Service,63,12,16,32,14.5,10,Robotic
39-3091,Amusement & Recreation Attendants,39,Personal Care & Service,63,12,16,32,14.5,10,Robotic
39-3093,"Locker Room, Coatroom & Dressing Room Attendants",39,Personal Care & Service,63,12,26,32,20.8,14,Robotic
39-4011,Embalmers,39,Personal Care & Service,55,15,13,55,13.9,6,Both
39-4012,Crematory Operators,39,Personal Care & Service,55,15,13,32,13.9,9,Both
39-4021,Funeral Attendants,39,Personal Care & Service,63,12,16,55,14.5,7,Robotic
39-4031,"Morticians, Undertakers & Funeral Directors",39,Personal Care & Service,55,15,13,55,13.9,6,Both
39-5011,Barbers,39,Personal Care & Service,55,15,2,42,7.8,5,AI
39-5012,"Hairdressers, Hairstylists & Cosmetologists",39,Personal Care & Service,55,15,2,42,7.8,5,AI
39-5013,Shampooers,39,Personal Care & Service,55,15,13,32,13.9,9,Both
39-5091,Manicurists & Pedicurists,39,Personal Care & Service,55,15,5,32,9.5,6,AI
39-5092,Skin Care Specialists,39,Personal Care & Service,55,15,13,32,13.9,9,Both
39-5093,Makeup Artists (Theatrical & Performance),39,Personal Care & Service,55,15,13,32,13.9,9,Both
39-5094,Cosmetologists (Nec),39,Personal Care & Service,55,15,13,42,13.9,8,Both
39-6011,Baggage Porters & Bellhops,39,Personal Care & Service,55,15,13,32,13.9,9,Both
39-6012,Concierges,39,Personal Care & Service,55,15,13,32,13.9,9,Both
39-7011,Tour Guides & Escorts,39,Personal Care & Service,55,15,13,32,13.9,9,Both
39-7012,Travel Guides,39,Personal Care & Service,55,15,13,32,13.9,9,Both
39-9011,Childcare Workers,39,Personal Care & Service,55,9,2,70,5.2,2,AI
39-9021,Exercise Trainers & Group Fitness Instructors,39,Personal Care & Service,55,15,13,32,13.9,9,Both
39-9031,Recreation Workers,39,Personal Care & Service,55,15,13,32,13.9,9,Both
39-9032,Residential Advisors,39,Personal Care & Service,55,15,13,32,13.9,9,Both
39-9041,Personal Care & Service Workers NEC,39,Personal Care & Service,55,15,13,32,13.9,9,Both
41-1011,First-Line Supervisors of Retail Sales Workers,41,Sales,18,52,13,15,45.0,38,AI
41-1012,First-Line Supervisors of Non-Retail Sales Workers,41,Sales,18,52,13,15,45.0,38,AI
41-2011,Cashiers,41,Sales,18,52,33,15,48.6,41,AI
41-2021,Counter & Rental Clerks,41,Sales,18,52,13,15,45.0,38,AI
41-2022,Parts Salespersons,41,Sales,18,52,13,15,45.0,38,AI
41-2031,Retail Salespersons,41,Sales,18,52,13,15,45.0,38,AI
41-3011,Advertising Sales Agents,41,Sales,18,52,13,15,45.0,38,AI
41-3021,Insurance Sales Agents,41,Sales,18,52,13,22,45.0,35,AI
41-3031,"Securities, Commodities & Financial Services Agents",41,Sales,18,52,13,45,45.0,25,AI
41-3041,Travel Agents,41,Sales,18,60,13,15,51.5,44,AI
41-3091,Sales Representatives (Non-Technical),41,Sales,18,52,13,15,45.0,38,AI
41-3099,Sales Representatives NEC,41,Sales,18,52,13,15,45.0,38,AI
41-4011,"Sales Representatives (Wholesale/Mfg, Technical)",41,Sales,18,52,13,15,45.0,38,AI
41-4012,"Sales Representatives (Wholesale/Mfg, Non-Technical)",41,Sales,18,52,13,15,45.0,38,AI
41-9011,Demonstrators & Product Promoters,41,Sales,18,52,13,15,45.0,38,AI
41-9012,Models,41,Sales,18,52,13,15,45.0,38,AI
41-9021,Real Estate Brokers,41,Sales,18,52,13,25,45.0,34,AI
41-9022,Real Estate Sales Agents,41,Sales,18,52,13,25,45.0,34,AI
41-9031,Sales Engineers,41,Sales,18,52,13,15,45.0,38,AI
41-9041,Telemarketers,41,Sales,18,66,13,15,56.5,48,AI
41-9091,Door-to-Door Sales Workers & Canvassers,41,Sales,18,52,13,15,45.0,38,AI
41-9099,Sales Workers NEC,41,Sales,18,52,13,15,45.0,38,AI
43-1011,First-Line Supervisors of Office Workers,43,Office & Admin Support,7,72,4,5,67.2,64,AI
43-2011,Switchboard Operators,43,Office & Admin Support,7,72,4,5,67.2,64,AI
43-2021,Telephone Operators,43,Office & Admin Support,7,72,4,5,67.2,64,AI
43-3011,Bill & Account Collectors,43,Office & Admin Support,7,72,4,5,67.2,64,AI
43-3021,Billing & Posting Clerks,43,Office & Admin Support,7,72,4,5,67.2,64,AI
43-3031,"Bookkeeping, Accounting & Auditing Clerks",43,Office & Admin Support,7,84,4,5,78.4,74,AI
43-3041,Gaming Cage Workers,43,Office & Admin Support,7,72,4,5,67.2,64,AI
43-3051,Payroll & Timekeeping Clerks,43,Office & Admin Support,7,72,4,5,67.2,64,AI
43-3061,Procurement Clerks,43,Office & Admin Support,7,72,4,5,67.2,64,AI
43-3071,Tellers,43,Office & Admin Support,7,72,4,5,67.2,64,AI
43-4011,Brokerage Clerks,43,Office & Admin Support,7,72,4,5,67.2,64,AI
43-4021,Correspondence Clerks,43,Office & Admin Support,7,72,4,5,67.2,64,AI
43-4031,"Court, Municipal & License Clerks",43,Office & Admin Support,7,72,4,5,67.2,64,AI
43-4041,"Credit Authorizers, Checkers & Clerks",43,Office & Admin Support,7,72,4,5,67.2,64,AI
43-4051,Customer Service Representatives,43,Office & Admin Support,7,72,4,5,67.2,64,AI
43-4061,Eligibility Interviewers (Government),43,Office & Admin Support,7,72,4,5,67.2,64,AI
43-4071,File Clerks,43,Office & Admin Support,7,72,4,5,67.2,64,AI
43-4081,"Hotel, Motel & Resort Desk Clerks",43,Office & Admin Support,7,72,4,5,67.2,64,AI
43-4111,Interviewers (Except Eligibility & Loan),43,Office & Admin Support,7,72,4,5,67.2,64,AI
43-4121,Library Assistants & Bookmobile Drivers,43,Office & Admin Support,12,72,4,5,63.8,61,AI
43-4131,Loan Interviewers & Clerks,43,Office & Admin Support,7,72,4,5,67.2,64,AI
43-4141,New Accounts Clerks,43,Office & Admin Support,7,72,4,5,67.2,64,AI
43-4151,Order Clerks,43,Office & Admin Support,7,72,4,5,67.2,64,AI
43-4161,Human Resources Assistants,43,Office & Admin Support,12,72,4,5,63.8,61,AI
43-4171,Receptionists & Information Clerks,43,Office & Admin Support,7,72,4,5,67.2,64,AI
43-4181,Reservation & Transportation Ticket Agents,43,Office & Admin Support,7,62,4,5,57.9,55,AI
43-4199,Information & Record Clerks NEC,43,Office & Admin Support,7,72,4,5,67.2,64,AI
43-5011,Cargo & Freight Agents,43,Office & Admin Support,7,72,4,5,67.2,64,AI
43-5021,Couriers & Messengers,43,Office & Admin Support,7,72,4,5,67.2,64,AI
43-5031,"Police, Fire & Ambulance Dispatchers",43,Office & Admin Support,7,78,4,62,72.8,28,AI
43-5032,"Dispatchers (Except Police, Fire & Ambulance)",43,Office & Admin Support,7,78,4,62,72.8,28,AI
43-5041,Meter Readers (Utilities),43,Office & Admin Support,7,72,4,5,67.2,64,AI
43-5051,Postal Service Clerks,43,Office & Admin Support,7,72,4,5,67.2,64,AI
43-5052,Mail Carriers (Postal Service),43,Office & Admin Support,7,72,4,5,67.2,64,AI
43-5053,"Mail Sorters, Processors & Processing Machine Operators",43,Office & Admin Support,7,72,31,5,69.1,66,AI
43-5061,"Production, Planning & Expediting Clerks",43,Office & Admin Support,7,72,4,5,67.2,64,AI
43-5071,"Shipping, Receiving & Inventory Clerks",43,Office & Admin Support,7,72,4,5,67.2,64,AI
43-5111,"Weighers, Measurers, Checkers & Samplers",43,Office & Admin Support,7,72,4,5,67.2,64,AI
43-6011,Executive Secretaries & Executive Administrative Assistants,43,Office & Admin Support,12,72,4,5,63.8,61,AI
43-6012,Legal Secretaries & Administrative Assistants,43,Office & Admin Support,12,72,4,5,63.8,61,AI
43-6013,Medical Secretaries & Administrative Assistants,43,Office & Admin Support,12,72,4,5,63.8,61,AI
43-6014,Secretaries & Administrative Assistants NEC,43,Office & Admin Support,12,72,4,5,63.8,61,AI
43-7011,Communications Equipment Operators NEC,43,Office & Admin Support,7,72,4,5,67.2,64,AI
43-8011,Data Entry Keyers,43,Office & Admin Support,7,90,4,5,84.0,80,AI
43-9011,Computer Operators,43,Office & Admin Support,7,72,4,5,67.2,64,AI
43-9021,Data Entry Keyers (NEC),43,Office & Admin Support,7,90,4,5,84.0,80,AI
43-9022,Word Processors & Typists,43,Office & Admin Support,7,72,4,5,67.2,64,AI
43-9031,Desktop Publishers,43,Office & Admin Support,7,72,4,5,67.2,64,AI
43-9041,Insurance Claims & Policy Processing Clerks,43,Office & Admin Support,7,72,4,22,67.2,52,AI
43-9051,Mail Clerks & Mail Machine Operators (Except Postal),43,Office & Admin Support,7,72,16,5,68.1,65,AI
43-9061,Office Clerks (General),43,Office & Admin Support,7,72,4,5,67.2,64,AI
43-9071,Office Machine Operators (Except Computer),43,Office & Admin Support,7,72,16,5,68.1,65,AI
43-9081,Proofreaders & Copy Markers,43,Office & Admin Support,7,86,4,5,80.3,76,AI
43-9111,Statistical Assistants,43,Office & Admin Support,12,72,4,5,63.8,61,AI
43-9199,Office & Administrative Support Workers NEC,43,Office & Admin Support,7,72,4,5,67.2,64,AI
45-1011,First-Line Supervisors of Farming Workers,45,Farming/Fishing/Forestry,88,5,43,5,38.4,37,Robotic
45-2011,Agricultural Inspectors,45,Farming/Fishing/Forestry,88,5,43,5,38.4,37,Robotic
45-2021,Animal Breeders,45,Farming/Fishing/Forestry,88,5,33,5,29.6,28,Robotic
45-2041,Graders & Sorters (Agricultural),45,Farming/Fishing/Forestry,88,5,58,5,51.6,49,Robotic
45-2091,Agricultural Equipment Operators,45,Farming/Fishing/Forestry,88,5,43,5,38.4,37,Robotic
45-2092,Farmworkers & Laborers (Crop),45,Farming/Fishing/Forestry,95,5,45,5,43.0,41,Robotic
45-2093,"Farmworkers, Farm & Ranch Animals",45,Farming/Fishing/Forestry,88,5,33,5,29.6,28,Robotic
45-2099,Agricultural Workers NEC,45,Farming/Fishing/Forestry,88,5,43,5,38.4,37,Robotic
45-3011,Fishing & Hunting Workers,45,Farming/Fishing/Forestry,88,5,43,5,38.4,37,Robotic
45-4011,Forest & Conservation Workers,45,Farming/Fishing/Forestry,88,5,33,5,29.6,28,Robotic
45-4021,Fallers (Logging),45,Farming/Fishing/Forestry,88,5,33,5,29.6,28,Robotic
45-4022,Logging Equipment Operators,45,Farming/Fishing/Forestry,88,5,33,5,29.6,28,Robotic
45-4023,Log Graders & Scalers,45,Farming/Fishing/Forestry,88,5,48,5,42.8,41,Robotic
45-4029,Logging Workers NEC,45,Farming/Fishing/Forestry,88,5,33,5,29.6,28,Robotic
47-1011,First-Line Supervisors of Construction Workers,47,Construction & Extraction,83,5,25,8,21.6,20,Robotic
47-2011,Boilermakers,47,Construction & Extraction,83,5,25,8,21.6,20,Robotic
47-2021,Brickmasons & Blockmasons,47,Construction & Extraction,83,5,18,8,15.8,15,Robotic
47-2022,Stonemasons,47,Construction & Extraction,83,5,18,8,15.8,15,Robotic
47-2031,Carpenters,47,Construction & Extraction,91,5,15,8,14.1,13,Robotic
47-2041,Carpet Installers,47,Construction & Extraction,83,5,25,8,21.6,20,Robotic
47-2042,"Floor Layers (Except Carpet, Wood & Hard Tiles)",47,Construction & Extraction,83,5,25,8,21.6,20,Robotic
47-2043,Floor Sanders & Finishers,47,Construction & Extraction,83,5,25,8,21.6,20,Robotic
47-2044,Tile & Stone Setters,47,Construction & Extraction,83,5,25,8,21.6,20,Robotic
47-2051,Cement Masons & Concrete Finishers,47,Construction & Extraction,83,5,18,8,15.8,15,Robotic
47-2052,Terrazzo Workers & Finishers,47,Construction & Extraction,83,5,25,8,21.6,20,Robotic
47-2053,"Paving, Surfacing & Tamping Equipment Operators",47,Construction & Extraction,83,5,25,8,21.6,20,Robotic
47-2061,Construction Laborers,47,Construction & Extraction,95,5,29,8,27.8,26,Robotic
47-2071,Paving Equipment Operators,47,Construction & Extraction,83,5,25,8,21.6,20,Robotic
47-2072,Pile Driver Operators,47,Construction & Extraction,93,5,28,8,26.4,24,Robotic
47-2073,Operating Engineers & Other Construction Equipment Operators,47,Construction & Extraction,83,5,25,8,21.6,20,Robotic
47-2081,Drywall & Ceiling Tile Installers,47,Construction & Extraction,83,5,18,8,15.8,15,Robotic
47-2082,Tapers,47,Construction & Extraction,83,5,25,8,21.6,20,Robotic
47-2111,Electricians,47,Construction & Extraction,83,5,7,18,6.7,5,Robotic
47-2121,Glaziers,47,Construction & Extraction,83,5,25,8,21.6,20,Robotic
47-2130,"Insulation Workers (Floor, Ceiling & Wall)",47,Construction & Extraction,83,5,25,8,21.6,20,Robotic
47-2131,Insulation Workers (Mechanical),47,Construction & Extraction,91,5,28,8,25.9,24,Robotic
47-2141,Painters (Construction & Maintenance),47,Construction & Extraction,83,5,35,8,29.9,28,Robotic
47-2142,Paperhangers,47,Construction & Extraction,83,5,25,8,21.6,20,Robotic
47-2151,Pipelayers,47,Construction & Extraction,83,5,25,8,21.6,20,Robotic
47-2152,"Plumbers, Pipefitters & Steamfitters",47,Construction & Extraction,91,5,10,18,9.6,8,Robotic
47-2161,Plasterers & Stucco Masons,47,Construction & Extraction,83,5,18,8,15.8,15,Robotic
47-2171,Reinforcing Iron & Rebar Workers,47,Construction & Extraction,83,5,25,8,21.6,20,Robotic
47-2181,Roofers,47,Construction & Extraction,83,5,18,8,15.8,15,Robotic
47-2211,Sheet Metal Workers,47,Construction & Extraction,83,5,25,8,21.6,20,Robotic
47-2221,Structural Iron & Steel Workers,47,Construction & Extraction,83,5,25,8,21.6,20,Robotic
47-2231,Solar Photovoltaic Installers,47,Construction & Extraction,83,5,25,8,21.6,20,Robotic
47-2241,Glaziers (Nec),47,Construction & Extraction,83,5,25,8,21.6,20,Robotic
47-3011,"Helpers (Brickmasons, Blockmasons, Stonemasons)",47,Construction & Extraction,83,5,18,8,15.8,15,Robotic
47-3012,Helpers (Carpenters),47,Construction & Extraction,91,5,15,8,14.1,13,Robotic
47-3013,Helpers (Electricians),47,Construction & Extraction,83,5,7,18,6.7,5,Robotic
47-3014,"Helpers (Painters, Paperhangers, Plasterers)",47,Construction & Extraction,83,5,35,8,29.9,28,Robotic
47-3015,"Helpers (Pipelayers, Plumbers, Pipefitters)",47,Construction & Extraction,91,5,10,18,9.6,8,Robotic
47-3016,Helpers (Roofers),47,Construction & Extraction,83,5,18,8,15.8,15,Robotic
47-3019,Helpers (Construction Trades) NEC,47,Construction & Extraction,83,5,25,8,21.6,20,Robotic
47-4011,Construction & Building Inspectors,47,Construction & Extraction,83,5,25,8,21.6,20,Robotic
47-4021,Elevator & Escalator Installers & Repairers,47,Construction & Extraction,83,5,25,8,21.6,20,Robotic
47-4031,Fence Erectors,47,Construction & Extraction,83,5,25,8,21.6,20,Robotic
47-4041,Hazardous Materials Removal Workers,47,Construction & Extraction,83,5,25,8,21.6,20,Robotic
47-4051,Highway Maintenance Workers,47,Construction & Extraction,83,5,25,8,21.6,20,Robotic
47-4061,Rail-Track Laying & Maintenance Equipment Operators,47,Construction & Extraction,83,5,25,8,21.6,20,Robotic
47-4071,Septic Tank Servicers & Sewer Pipe Cleaners,47,Construction & Extraction,83,5,37,8,31.6,29,Robotic
47-4099,Construction & Related Workers NEC,47,Construction & Extraction,83,5,25,8,21.6,20,Robotic
47-5011,Derrick Operators (Oil & Gas),47,Construction & Extraction,83,5,25,8,21.6,20,Robotic
47-5012,Rotary Drill Operators (Oil & Gas),47,Construction & Extraction,83,5,25,8,21.6,20,Robotic
47-5013,Service Unit Operators (Oil & Gas),47,Construction & Extraction,83,5,25,8,21.6,20,Robotic
47-5021,Earth Drillers (Except Oil & Gas),47,Construction & Extraction,83,5,25,8,21.6,20,Robotic
47-5031,"Explosives Workers, Ordnance Handling",47,Construction & Extraction,83,5,25,8,21.6,20,Robotic
47-5041,Continuous Mining Machine Operators,47,Construction & Extraction,83,5,50,8,42.4,39,Robotic
47-5042,Mine Cutting & Channeling Machine Operators,47,Construction & Extraction,83,5,37,8,31.6,29,Robotic
47-5043,Shuttle Car Operators,47,Construction & Extraction,83,5,25,8,21.6,20,Robotic
47-5049,Mining Machine Operators NEC,47,Construction & Extraction,83,5,50,8,42.4,39,Robotic
47-5051,Rock Splitters (Quarry),47,Construction & Extraction,83,5,25,8,21.6,20,Robotic
47-5061,Roof Bolters (Mining),47,Construction & Extraction,83,5,38,8,32.4,30,Robotic
47-5071,Roustabouts (Oil & Gas),47,Construction & Extraction,83,5,25,8,21.6,20,Robotic
47-5081,Helpers (Extraction Workers),47,Construction & Extraction,83,5,38,8,32.4,30,Robotic
47-5099,Extraction Workers NEC,47,Construction & Extraction,83,5,38,8,32.4,30,Robotic
49-1011,First-Line Supervisors of Mechanics,49,Install/Maint/Repair,78,19,62,10,52.5,47,Robotic
49-2011,"Computer, Automated Teller & Office Machine Repairers",49,Install/Maint/Repair,70,22,59,10,47.9,43,Robotic
49-2021,"Radio, Cellular & Tower Equipment Installers",49,Install/Maint/Repair,70,22,59,10,47.9,43,Robotic
49-2022,Telecommunications Equipment Installers & Repairers,49,Install/Maint/Repair,70,22,59,10,47.9,43,Robotic
49-2091,Avionics Technicians,49,Install/Maint/Repair,70,22,59,10,47.9,43,Robotic
49-2092,"Electric Motor, Power Tool & Related Repairers",49,Install/Maint/Repair,70,22,59,10,47.9,43,Robotic
49-2093,Electrical & Electronics Installers & Repairers (Transportation),49,Install/Maint/Repair,70,12,59,10,44.9,40,Robotic
49-2094,Electrical & Electronics Repairers (Commercial/Industrial),49,Install/Maint/Repair,70,22,59,10,47.9,43,Robotic
49-2095,Electrical & Electronics Repairers (Powerhouse),49,Install/Maint/Repair,70,22,59,10,47.9,43,Robotic
49-2096,Electronic Equipment Installers & Repairers (Motor Vehicles),49,Install/Maint/Repair,70,22,59,10,47.9,43,Robotic
49-2097,Electronic Home Entertainment Equipment Installers,49,Install/Maint/Repair,70,22,59,10,47.9,43,Robotic
49-2098,Security & Fire Alarm Systems Installers,49,Install/Maint/Repair,70,22,59,10,47.9,43,Robotic
49-3011,Aircraft Mechanics & Service Technicians,49,Install/Maint/Repair,78,19,62,10,52.5,47,Robotic
49-3021,Automotive Body & Related Repairers,49,Install/Maint/Repair,70,22,59,10,47.9,43,Robotic
49-3022,Automotive Glass Installers & Repairers,49,Install/Maint/Repair,70,22,59,10,47.9,43,Robotic
49-3023,Automotive Service Technicians & Mechanics,49,Install/Maint/Repair,78,19,62,10,52.5,47,Robotic
49-3031,Bus & Truck Mechanics & Diesel Engine Specialists,49,Install/Maint/Repair,78,19,62,10,52.5,47,Robotic
49-3041,Farm Equipment Mechanics & Service Technicians,49,Install/Maint/Repair,78,19,62,10,52.5,47,Robotic
49-3042,Mobile Heavy Equipment Mechanics,49,Install/Maint/Repair,78,19,62,10,52.5,47,Robotic
49-3043,Rail Car Repairers,49,Install/Maint/Repair,70,22,59,10,47.9,43,Robotic
49-3051,Motorboat Mechanics & Service Technicians,49,Install/Maint/Repair,78,19,62,10,52.5,47,Robotic
49-3052,Motorcycle Mechanics,49,Install/Maint/Repair,78,19,62,10,52.5,47,Robotic
49-3053,Outdoor Power Equipment & Small Engine Mechanics,49,Install/Maint/Repair,78,19,62,10,52.5,47,Robotic
49-3091,Bicycle Repairers,49,Install/Maint/Repair,70,22,59,10,47.9,43,Robotic
49-3092,Home Appliance Repairers,49,Install/Maint/Repair,70,22,59,10,47.9,43,Robotic
49-3093,Mechanical Door Repairers,49,Install/Maint/Repair,78,19,62,10,52.5,47,Robotic
49-3094,Locksmiths & Safe Repairers,49,Install/Maint/Repair,70,22,59,10,47.9,43,Robotic
49-3099,Vehicle & Mobile Equipment Mechanics NEC,49,Install/Maint/Repair,78,19,62,10,52.5,47,Robotic
49-9010,Control & Valve Installers & Repairers,49,Install/Maint/Repair,70,22,59,10,47.9,43,Robotic
49-9011,Mechanical Insulation Workers,49,Install/Maint/Repair,78,19,62,10,52.5,47,Robotic
49-9012,"Coin, Vending & Amusement Machine Servicers",49,Install/Maint/Repair,70,22,59,10,47.9,43,Robotic
49-9021,"Heating, Air Conditioning & Refrigeration Mechanics",49,Install/Maint/Repair,78,19,62,10,52.5,47,Robotic
49-9031,Home Appliance Repairers (Nec),49,Install/Maint/Repair,70,22,59,10,47.9,43,Robotic
49-9041,Industrial Machinery Mechanics,49,Install/Maint/Repair,78,19,62,10,52.5,47,Robotic
49-9043,Maintenance Workers (Machinery),49,Install/Maint/Repair,70,22,59,10,47.9,43,Robotic
49-9044,Millwrights,49,Install/Maint/Repair,70,22,59,10,47.9,43,Robotic
49-9045,Refractory Materials Repairers,49,Install/Maint/Repair,70,22,59,55,47.9,22,Robotic
49-9051,Electrical Power-Line Installers & Repairers,49,Install/Maint/Repair,70,22,59,10,47.9,43,Robotic
49-9052,Telecommunications Line Installers & Repairers,49,Install/Maint/Repair,70,22,59,10,47.9,43,Robotic
49-9061,Camera & Photographic Equipment Repairers,49,Install/Maint/Repair,70,22,59,10,47.9,43,Robotic
49-9062,Medical Equipment Repairers,49,Install/Maint/Repair,70,22,59,10,47.9,43,Robotic
49-9063,Musical Instrument Repairers & Tuners,49,Install/Maint/Repair,70,22,59,10,47.9,43,Robotic
49-9064,Watch & Clock Repairers,49,Install/Maint/Repair,70,22,59,10,47.9,43,Robotic
49-9069,Precision Instrument & Equipment Repairers NEC,49,Install/Maint/Repair,70,22,59,10,47.9,43,Robotic
49-9071,Maintenance & Repair Workers (General),49,Install/Maint/Repair,70,22,59,10,47.9,43,Robotic
49-9091,"Coin, Vending & Amusement Machine Servicers (Nec)",49,Install/Maint/Repair,70,22,59,10,47.9,43,Robotic
49-9094,Manufactured Building & Mobile Home Installers,49,Install/Maint/Repair,70,22,59,10,47.9,43,Robotic
49-9095,Riggers,49,Install/Maint/Repair,70,22,59,10,47.9,43,Robotic
49-9096,Signal & Track Switch Repairers,49,Install/Maint/Repair,70,22,59,10,47.9,43,Robotic
49-9097,Tire Repairers & Changers,49,Install/Maint/Repair,70,22,59,10,47.9,43,Robotic
49-9098,"Helpers (Installation, Maintenance & Repair Workers)",49,Install/Maint/Repair,70,22,59,10,47.9,43,Robotic
49-9099,"Installation, Maintenance & Repair Workers NEC",49,Install/Maint/Repair,70,22,59,10,47.9,43,Robotic
51-1011,First-Line Supervisors of Production Workers,51,Production,85,5,64,5,55.1,52,Robotic
51-2011,"Aircraft Structure, Surfaces, Rigging & Systems Assemblers",51,Production,85,5,79,5,67.9,65,Robotic
51-2021,"Coil Winders, Tapers & Finishers",51,Production,85,5,64,5,55.1,52,Robotic
51-2022,Electrical & Electronic Equipment Assemblers,51,Production,85,5,83,5,71.3,68,Robotic
51-2023,Electromechanical Equipment Assemblers,51,Production,85,5,79,5,67.9,65,Robotic
51-2031,Engine & Other Machine Assemblers,51,Production,85,5,79,5,67.9,65,Robotic
51-2041,Structural Metal Fabricators & Fitters,51,Production,85,5,38,5,33.0,31,Robotic
51-2051,Fiberglass Laminators & Fabricators,51,Production,85,5,38,5,33.0,31,Robotic
51-2061,Timing Device Assemblers & Adjusters,51,Production,85,5,79,5,67.9,65,Robotic
51-2090,Assemblers & Fabricators NEC,51,Production,85,5,53,5,45.8,44,Robotic
51-2092,Team Assemblers,51,Production,85,5,79,5,67.9,65,Robotic
51-3011,Bakers,51,Production,85,5,64,5,55.1,52,Robotic
51-3021,Butchers & Meat Cutters,51,Production,85,5,44,5,38.1,36,Robotic
51-3022,"Meat, Poultry & Fish Cutters & Trimmers",51,Production,85,5,44,5,38.1,36,Robotic
51-3023,Slaughterers & Meat Packers,51,Production,85,5,44,5,38.1,36,Robotic
51-3091,"Food & Tobacco Roasting, Baking & Drying Machine Operators",51,Production,85,5,56,5,48.4,46,Robotic
51-3092,Food Batchmakers,51,Production,85,5,44,5,38.1,36,Robotic
51-3093,Food Cooking Machine Operators & Tenders,51,Production,85,5,56,5,48.4,46,Robotic
51-3099,Food Processing Workers NEC,51,Production,85,5,44,5,38.1,36,Robotic
51-4011,Computer Numerically Controlled Tool Operators,51,Production,85,5,64,5,55.1,52,Robotic
51-4012,CNC Tool Programmers,51,Production,80,10,74,5,61.2,58,Robotic
51-4021,Extruding & Drawing Machine Operators,51,Production,85,5,76,5,65.3,62,Robotic
51-4022,Forging Machine Setters & Operators,51,Production,85,5,64,5,55.1,52,Robotic
51-4023,Rolling Machine Setters & Operators,51,Production,85,5,64,5,55.1,52,Robotic
51-4031,"Cutting, Punching & Press Machine Operators",51,Production,85,5,88,5,75.5,72,Robotic
51-4032,Drilling & Boring Machine Tool Setters & Operators,51,Production,85,5,64,5,55.1,52,Robotic
51-4033,"Grinding, Lapping, Polishing & Buffing Machine Operators",51,Production,85,5,76,5,65.3,62,Robotic
51-4034,Lathe & Turning Machine Tool Setters & Operators,51,Production,85,5,64,5,55.1,52,Robotic
51-4035,Milling & Planing Machine Setters & Operators,51,Production,85,5,64,5,55.1,52,Robotic
51-4041,Machinists,51,Production,85,5,64,5,55.1,52,Robotic
51-4051,Metal-Refining Furnace Operators & Tenders,51,Production,85,5,64,5,55.1,52,Robotic
51-4052,Pourers & Casters (Metal),51,Production,85,5,64,5,55.1,52,Robotic
51-4061,Model Makers (Metal & Plastic),51,Production,85,5,62,5,53.5,51,Robotic
51-4062,Patternmakers (Metal & Plastic),51,Production,85,5,62,5,53.5,51,Robotic
51-4071,Foundry Mold & Coremakers,51,Production,85,5,64,5,55.1,52,Robotic
51-4072,"Molding, Coremaking & Casting Machine Operators",51,Production,85,5,76,5,65.3,62,Robotic
51-4081,Multiple Machine Tool Setters & Operators,51,Production,85,5,64,5,55.1,52,Robotic
51-4111,Tool & Die Makers,51,Production,85,5,64,5,55.1,52,Robotic
51-4121,"Welders, Cutters & Welder Fitters",51,Production,95,5,87,5,82.9,79,Robotic
51-4122,"Welding, Soldering & Brazing Machine Operators",51,Production,95,5,95,5,90.5,86,Robotic
51-4191,Heat Treating Equipment Setters & Operators,51,Production,85,5,64,5,55.1,52,Robotic
51-4192,Layout Workers (Metal & Plastic),51,Production,85,5,62,5,53.5,51,Robotic
51-4193,Plating Machine Operators,51,Production,85,5,76,5,65.3,62,Robotic
51-4194,"Tool Grinders, Filers & Sharpeners",51,Production,85,5,64,5,55.1,52,Robotic
51-4199,Metal Workers & Plastic Workers NEC,51,Production,85,5,62,5,53.5,51,Robotic
51-5111,Prepress Technicians & Workers,51,Production,85,5,76,5,65.3,62,Robotic
51-5112,Printing Press Operators,51,Production,85,5,76,5,65.3,62,Robotic
51-5113,Print Binding & Finishing Workers,51,Production,85,5,64,5,55.1,52,Robotic
51-6011,Laundry & Dry-Cleaning Workers,51,Production,85,5,64,5,55.1,52,Robotic
51-6021,"Pressers (Textile, Garment & Related)",51,Production,85,5,50,5,43.2,41,Robotic
51-6031,Sewing Machine Operators,51,Production,85,5,50,5,43.2,41,Robotic
51-6041,Shoe & Leather Workers & Repairers,51,Production,85,5,64,5,55.1,52,Robotic
51-6042,Shoe Machine Operators & Tenders,51,Production,85,5,76,5,65.3,62,Robotic
51-6051,Sewers (Hand),51,Production,85,5,64,5,55.1,52,Robotic
51-6052,"Tailors, Dressmakers & Custom Sewers",51,Production,85,5,64,5,55.1,52,Robotic
51-6061,Textile Bleaching & Dyeing Machine Operators,51,Production,85,5,50,5,43.2,41,Robotic
51-6062,Textile Cutting Machine Operators,51,Production,85,5,50,5,43.2,41,Robotic
51-6063,Textile Knitting & Weaving Machine Operators,51,Production,85,5,50,5,43.2,41,Robotic
51-6064,"Textile Winding, Twisting & Drawing Machine Operators",51,Production,85,5,50,5,43.2,41,Robotic
51-6091,Extruding & Forming Machine Operators (Synthetic/Glass),51,Production,85,5,76,5,65.3,62,Robotic
51-6092,Fabric & Apparel Patternmakers,51,Production,85,5,38,5,33.0,31,Robotic
51-6093,Upholsterers,51,Production,85,5,64,5,55.1,52,Robotic
51-6099,"Textile, Apparel & Furnishings Workers NEC",51,Production,85,5,38,5,33.0,31,Robotic
51-7011,Cabinetmakers & Bench Carpenters,51,Production,93,5,24,5,22.7,22,Robotic
51-7021,Furniture Finishers,51,Production,85,5,64,5,55.1,52,Robotic
51-7031,Model Makers (Wood),51,Production,85,5,34,5,29.6,28,Robotic
51-7032,Patternmakers (Wood),51,Production,85,5,34,5,29.6,28,Robotic
51-7041,Sawing Machine Setters & Operators,51,Production,85,5,64,5,55.1,52,Robotic
51-7042,Woodworking Machine Setters & Operators NEC,51,Production,85,5,34,5,29.6,28,Robotic
51-7099,Woodworkers NEC,51,Production,85,5,34,5,29.6,28,Robotic
51-8011,Nuclear Power Reactor Operators,51,Production,85,5,64,55,55.1,25,Robotic
51-8012,Power Distributors & Dispatchers,51,Production,85,5,64,5,55.1,52,Robotic
51-8013,Power Plant Operators,51,Production,85,5,64,5,55.1,52,Robotic
51-8021,Stationary Engineers & Boiler Operators,51,Production,85,5,64,5,55.1,52,Robotic
51-8031,Water & Wastewater Treatment Plant Operators,51,Production,85,5,64,5,55.1,52,Robotic
51-8091,Chemical Plant & System Operators,51,Production,85,5,46,5,39.9,38,Robotic
51-8092,Gas Plant Operators,51,Production,85,5,64,5,55.1,52,Robotic
51-8093,Petroleum Pump System Operators & Gaugers,51,Production,85,5,64,5,55.1,52,Robotic
51-8099,Plant & System Operators NEC,51,Production,85,5,64,5,55.1,52,Robotic
51-9011,Chemical Equipment Operators & Tenders,51,Production,85,5,46,5,39.9,38,Robotic
51-9012,"Separating, Filtering & Clarifying Machine Operators",51,Production,85,5,76,5,65.3,62,Robotic
51-9013,"Crushing, Grinding, Polishing & Buffing Machine Operators",51,Production,85,5,76,5,65.3,62,Robotic
51-9021,"Crushing, Grinding & Polishing Machine Operators (Nec)",51,Production,85,5,76,5,65.3,62,Robotic
51-9022,Grinding & Lapping Machine Operators (Nec),51,Production,85,5,76,5,65.3,62,Robotic
51-9023,Mixing & Blending Machine Setters & Operators,51,Production,85,5,64,5,55.1,52,Robotic
51-9031,"Coating, Painting & Spraying Machine Operators",51,Production,85,5,86,5,73.8,70,Robotic
51-9032,Cutting & Slicing Machine Operators,51,Production,85,5,76,5,65.3,62,Robotic
51-9041,"Extruding, Forming, Pressing & Compacting Machine Operators",51,Production,85,5,88,5,75.5,72,Robotic
51-9051,"Furnace, Kiln, Oven, Drier & Kettle Operators",51,Production,85,5,64,5,55.1,52,Robotic
51-9061,"Inspectors, Testers, Sorters, Samplers & Weighers",51,Production,85,5,79,5,67.9,65,Robotic
51-9071,Jewelers & Precious Stone & Metal Workers,51,Production,85,5,64,5,55.1,52,Robotic
51-9081,Dental Laboratory Technicians,51,Production,85,5,64,5,55.1,52,Robotic
51-9082,Medical Appliance Technicians,51,Production,85,5,64,5,55.1,52,Robotic
51-9083,Ophthalmic Laboratory Technicians,51,Production,85,5,64,5,55.1,52,Robotic
51-9111,Packaging & Filling Machine Operators,51,Production,85,5,94,5,80.7,77,Robotic
51-9121,"Coating, Painting & Spraying Machine Operators (Nec)",51,Production,85,5,86,5,73.8,70,Robotic
51-9122,Painters (Transportation Equipment),51,Production,85,5,74,5,63.6,60,Robotic
51-9123,"Painting, Coating & Decorating Workers",51,Production,85,5,74,5,63.6,60,Robotic
51-9131,Photographic Process Workers & Processing Machine Operators,51,Production,85,5,76,5,65.3,62,Robotic
51-9141,Semiconductor Processing Technicians,51,Production,85,5,68,5,58.5,56,Robotic
51-9151,Adhesive Bonding Machine Operators & Tenders,51,Production,85,5,76,5,65.3,62,Robotic
51-9161,Computer Numerically Controlled Tool Operators (Nec),51,Production,85,5,64,5,55.1,52,Robotic
51-9191,Cementing & Gluing Machine Operators,51,Production,85,5,76,5,65.3,62,Robotic
51-9192,"Cleaning, Washing & Metal Pickling Equipment Operators",51,Production,85,5,64,5,55.1,52,Robotic
51-9193,Cooling & Freezing Equipment Operators,51,Production,85,5,64,5,55.1,52,Robotic
51-9194,Etchers & Engravers,51,Production,85,5,64,5,55.1,52,Robotic
51-9195,"Molders, Shapers & Casters (Except Metal & Plastic)",51,Production,85,5,62,5,53.5,51,Robotic
51-9196,Paper Goods Machine Setters & Operators,51,Production,85,5,64,5,55.1,52,Robotic
51-9197,Tire Builders,51,Production,85,5,64,5,55.1,52,Robotic
51-9198,Helpers (Production Workers),51,Production,85,5,64,5,55.1,52,Robotic
51-9199,Production Workers NEC,51,Production,85,5,64,5,55.1,52,Robotic
53-1041,First-Line Supervisors of Transportation Workers,53,Transportation & Material Moving,82,5,51,8,42.7,39,Robotic
53-1042,"First-Line Supervisors of Helpers, Laborers & Material Movers",53,Transportation & Material Moving,94,5,55,8,52.0,48,Robotic
53-1044,First-Line Supervisors of Passenger Attendants,53,Transportation & Material Moving,90,5,54,8,49.1,45,Robotic
53-2011,"Airline Pilots, Copilots & Flight Engineers",53,Transportation & Material Moving,82,5,51,68,42.7,14,Robotic
53-2012,Commercial Pilots,53,Transportation & Material Moving,82,5,51,68,42.7,14,Robotic
53-2021,Air Traffic Controllers,53,Transportation & Material Moving,82,5,51,62,42.7,16,Robotic
53-2022,Airfield Operations Specialists,53,Transportation & Material Moving,82,5,51,8,42.7,39,Robotic
53-2031,Flight Attendants,53,Transportation & Material Moving,90,5,54,8,49.1,45,Robotic
53-3011,Ambulance Drivers & Attendants,53,Transportation & Material Moving,90,5,54,8,49.1,45,Robotic
53-3031,Driver/Sales Workers,53,Transportation & Material Moving,92,5,54,8,50.1,46,Robotic
53-3032,Heavy & Tractor-Trailer Truck Drivers,53,Transportation & Material Moving,82,5,63,55,52.6,24,Robotic
53-3033,Light Truck Drivers,53,Transportation & Material Moving,82,5,63,8,52.6,48,Robotic
53-3041,Taxi Drivers,53,Transportation & Material Moving,82,5,65,8,54.2,50,Robotic
53-3042,Rideshare Drivers,53,Transportation & Material Moving,82,5,65,8,54.2,50,Robotic
53-3051,Bus Drivers (Transit & Intercity),53,Transportation & Material Moving,82,5,51,8,42.7,39,Robotic
53-3052,Bus Drivers (School),53,Transportation & Material Moving,82,5,51,8,42.7,39,Robotic
53-3053,Shuttle Drivers & Chauffeurs,53,Transportation & Material Moving,82,5,51,8,42.7,39,Robotic
53-3054,Passenger Vehicle Drivers NEC,53,Transportation & Material Moving,82,5,51,8,42.7,39,Robotic
53-3061,Dredge Operators,53,Transportation & Material Moving,82,5,51,8,42.7,39,Robotic
53-3062,Operating Engineers (Construction Equipment),53,Transportation & Material Moving,82,5,51,8,42.7,39,Robotic
53-3099,Motor Vehicle Operators NEC,53,Transportation & Material Moving,82,5,51,8,42.7,39,Robotic
53-4011,Locomotive Engineers,53,Transportation & Material Moving,82,5,51,8,42.7,39,Robotic
53-4012,"Rail Yard Engineers, Dinkey Operators",53,Transportation & Material Moving,82,5,51,8,42.7,39,Robotic
53-4013,Rail Car Repairers,53,Transportation & Material Moving,82,5,51,8,42.7,39,Robotic
53-4021,"Railroad Brake, Signal & Switch Operators",53,Transportation & Material Moving,82,5,51,8,42.7,39,Robotic
53-4031,Railroad Conductors & Yardmasters,53,Transportation & Material Moving,82,5,51,8,42.7,39,Robotic
53-4041,Subway & Streetcar Operators,53,Transportation & Material Moving,82,5,51,8,42.7,39,Robotic
53-4099,Rail Transportation Workers NEC,53,Transportation & Material Moving,82,5,51,8,42.7,39,Robotic
53-5011,Sailors & Marine Oilers,53,Transportation & Material Moving,82,5,51,8,42.7,39,Robotic
53-5021,"Captains, Mates & Pilots of Water Vessels",53,Transportation & Material Moving,82,5,51,68,42.7,14,Robotic
53-5022,Motorboat Operators,53,Transportation & Material Moving,82,5,51,8,42.7,39,Robotic
53-5031,Ship Engineers,53,Transportation & Material Moving,82,5,51,8,42.7,39,Robotic
53-6011,Bridge & Lock Tenders,53,Transportation & Material Moving,82,5,51,8,42.7,39,Robotic
53-6021,Parking Attendants,53,Transportation & Material Moving,90,5,54,8,49.1,45,Robotic
53-6031,Automotive & Watercraft Service Attendants,53,Transportation & Material Moving,90,5,54,8,49.1,45,Robotic
53-6041,Traffic Technicians,53,Transportation & Material Moving,82,5,51,8,42.7,39,Robotic
53-6051,Transportation Inspectors,53,Transportation & Material Moving,82,5,51,8,42.7,39,Robotic
53-6061,Transportation Attendants NEC,53,Transportation & Material Moving,90,5,54,8,49.1,45,Robotic
53-7011,Conveyor Operators & Tenders,53,Transportation & Material Moving,82,5,66,8,55.0,51,Robotic
53-7021,Crane & Tower Operators,53,Transportation & Material Moving,82,5,51,8,42.7,39,Robotic
53-7031,Dredge Operators (Nec),53,Transportation & Material Moving,82,5,51,8,42.7,39,Robotic
53-7041,Hoist & Winch Operators,53,Transportation & Material Moving,82,5,51,8,42.7,39,Robotic
53-7051,Industrial Truck & Tractor Operators,53,Transportation & Material Moving,82,5,51,55,42.7,19,Robotic
53-7061,Cleaners of Vehicles & Equipment,53,Transportation & Material Moving,82,5,63,8,52.6,48,Robotic
53-7062,"Laborers & Freight, Stock & Material Movers (Hand)",53,Transportation & Material Moving,94,5,55,8,52.0,48,Robotic
53-7063,Machine Feeders & Offbearers,53,Transportation & Material Moving,82,5,51,8,42.7,39,Robotic
53-7064,Packers & Packagers (Hand),53,Transportation & Material Moving,82,5,69,8,57.5,53,Robotic
53-7065,Stockers & Order Fillers,53,Transportation & Material Moving,82,5,69,8,57.5,53,Robotic
53-7070,"Tank Car, Truck & Ship Loaders",53,Transportation & Material Moving,82,5,51,8,42.7,39,Robotic
53-7081,Refuse & Recyclable Material Collectors,53,Transportation & Material Moving,82,5,51,8,42.7,39,Robotic
53-7099,Material Moving Workers NEC,53,Transportation & Material Moving,82,5,51,8,42.7,39,Robotic
55-1011,Army Officers,55,Military,55,21,18,85,19.4,3,Both
55-1012,Navy Officers,55,Military,55,21,18,85,19.4,3,Both
55-1013,Marine Officers,55,Military,55,21,18,85,19.4,3,Both
55-1014,Air Force Officers,55,Military,55,21,18,85,19.4,3,Both
55-1015,Coast Guard Officers,55,Military,55,21,18,85,19.4,3,Both
55-1019,Military Officers NEC,55,Military,55,21,18,85,19.4,3,Both
55-2011,Army Enlisted,55,Military,55,21,18,85,19.4,3,Both
55-2012,Navy Enlisted,55,Military,55,21,18,85,19.4,3,Both
55-2013,Marine Enlisted,55,Military,55,21,18,85,19.4,3,Both
55-2014,Air Force Enlisted,55,Military,55,21,18,85,19.4,3,Both
55-2015,Coast Guard Enlisted,55,Military,55,21,18,85,19.4,3,Both
55-2019,Military Enlisted NEC,55,Military,55,21,18,85,19.4,3,Both
55-3011,Military Occupations (Officer & Enlisted) NEC,55,Military,55,21,18,85,19.4,3,Both
